[
  {
    "id": 1,
    "nome": "Khaos Old",
    "img": "/lattine/KhaosOld.png"
  },
  {
    "id": 2,
    "nome": "Killer Brew Loca Moca",
    "img": "/lattine/KillerBrewLocaMoca.png"
  },
  {
    "id": 3,
    "nome": "Bad Apple",
    "img": "/lattine/BadApple.png"
  },
  {
    "id": 4,
    "nome": "Khaos Mini",
    "img": "/lattine/KhaosMini.png"
  },
  {
    "id": 5,
    "nome": "Rehab Strawberry Lemonade",
    "img": "/lattine/RehabStrawberryLemonade.png"
  },
  {
    "id": 6,
    "nome": "Classic",
    "img": "/lattine/Classic.png"
  },
  {
    "id": 7,
    "nome": "Java French Vanilla",
    "img": "/lattine/JavaFrenchVanilla.png"
  },
  {
    "id": 8,
    "nome": "Punch MIXXD New",
    "img": "/lattine/PunchMIXXDNew.png"
  },
  {
    "id": 9,
    "nome": "Hamilton New",
    "img": "/lattine/HamiltonNew.png"
  },
  {
    "id": 10,
    "nome": "Ultra Violet",
    "img": "/lattine/UltraViolet.png"
  },
  {
    "id": 11,
    "nome": "Ultra Paradise",
    "img": "/lattine/UltraParadise.png"
  },
  {
    "id": 12,
    "nome": "Juiced Aussie Lemonade",
    "img": "/lattine/JuicedAussieLemonade.png"
  },
  {
    "id": 13,
    "nome": "Mango Loco Mini",
    "img": "/lattine/MangoLocoMini.png"
  },
  {
    "id": 14,
    "nome": "Super Fuel Sub Zero",
    "img": "/lattine/SuperFuelSubZero.png"
  },
  {
    "id": 15,
    "nome": "Import",
    "img": "/lattine/Import.png"
  },
  {
    "id": 16,
    "nome": "Ultra Vice Guava",
    "img": "/lattine/UltraViceGuava.png"
  },
  {
    "id": 17,
    "nome": "Peachy Keen",
    "img": "/lattine/PeachyKeen.png"
  },
  {
    "id": 18,
    "nome": "Dragon Chinese Tea",
    "img": "/lattine/DragonChineseTea.png"
  },
  {
    "id": 19,
    "nome": "Mule",
    "img": "/lattine/Mule.png"
  },
  {
    "id": 20,
    "nome": "Assault",
    "img": "/lattine/Assault.png"
  },
  {
    "id": 21,
    "nome": "Java Mean Bean",
    "img": "/lattine/JavaMeanBean.png"
  },
  {
    "id": 22,
    "nome": "Rio Punch",
    "img": "/lattine/RioPunch.png"
  },
  {
    "id": 23,
    "nome": "Classic Zero Sugar Old",
    "img": "/lattine/ClassicZeroSugarOld.png"
  },
  {
    "id": 24,
    "nome": "Ultra Rosa",
    "img": "/lattine/UltraRosa.png"
  },
  {
    "id": 25,
    "nome": "Ultra Fantasy Ruby Red",
    "img": "/lattine/UltraFantasyRubyRed.png"
  },
  {
    "id": 26,
    "nome": "Juiced Ripper New",
    "img": "/lattine/JuicedRipperNew.png"
  },
  {
    "id": 27,
    "nome": "Reserve Watermelon",
    "img": "/lattine/ReserveWatermelon.png"
  },
  {
    "id": 28,
    "nome": "Viking Berry",
    "img": "/lattine/VikingBerry.png"
  },
  {
    "id": 29,
    "nome": "Hydro Sport Classic",
    "img": "/lattine/HydroSportClassic.png"
  },
  {
    "id": 30,
    "nome": "Reserve Peaches N creme",
    "img": "/lattine/ReservePeachesNcreme.png"
  },
  {
    "id": 31,
    "nome": "Rehab Tea Peach Old",
    "img": "/lattine/RehabTeaPeachOld.png"
  },
  {
    "id": 32,
    "nome": "Nitro Super Dry",
    "img": "/lattine/NitroSuperDry.png"
  },
  {
    "id": 33,
    "nome": "Dragon Ice Tea Lemon",
    "img": "/lattine/DragonIceTeaLemon.png"
  },
  {
    "id": 34,
    "nome": "JavaLoca Moca",
    "img": "/lattine/JavaLocaMoca.png"
  },
  {
    "id": 35,
    "nome": "Pipeline Punch",
    "img": "/lattine/PipelinePunch.png"
  },
  {
    "id": 36,
    "nome": "Classic ZeroSugarNew",
    "img": "/lattine/ClassicZeroSugarNew.png"
  },
  {
    "id": 37,
    "nome": "Ultra Watermelon",
    "img": "/lattine/UltraWatermelon.png"
  },
  {
    "id": 38,
    "nome": "Ultra White",
    "img": "/lattine/UltraWhite.png"
  },
  {
    "id": 39,
    "nome": "Juiced Ripper Old",
    "img": "/lattine/JuicedRipperOld.png"
  },
  {
    "id": 40,
    "nome": "Reserve Kiwi StrawBerry",
    "img": "/lattine/ReserveKiwiStrawBerry.png"
  },
  {
    "id": 41,
    "nome": "Ultra Blue Hawaii",
    "img": "/lattine/UltraBlueHawaii.png"
  },
  {
    "id": 42,
    "nome": "Hydro Sport Blue",
    "img": "/lattine/HydroSportBlue.png"
  },
  {
    "id": 43,
    "nome": "Khaotic",
    "img": "/lattine/Khaotic.png"
  },
  {
    "id": 44,
    "nome": "Rehab Tea Peach New",
    "img": "/lattine/RehabTeaPeachNew.png"
  },
  {
    "id": 45,
    "nome": "Nitro Cosmic Peach",
    "img": "/lattine/NitroCosmicPeach.png"
  },
  {
    "id": 46,
    "nome": "Dragon Ice Tea Peach",
    "img": "/lattine/DragonIceTeaPeach.png"
  },
  {
    "id": 47,
    "nome": "Java Salted Caramel",
    "img": "/lattine/JavaSaltedCaramel.png"
  },
  {
    "id": 48,
    "nome": "Valentino Rossi",
    "img": "/lattine/ValentinoRossi.png"
  },
  {
    "id": 49,
    "nome": "Ultra Citron",
    "img": "/lattine/UltraCitron.png"
  },
  {
    "id": 50,
    "nome": "Ultra Golden Pineapple",
    "img": "/lattine/UltraGoldenPineapple.png"
  },
  {
    "id": 51,
    "nome": "Ultra White Mini",
    "img": "/lattine/UltraWhiteMini.png"
  },
  {
    "id": 52,
    "nome": "Ultra Fiesta Mango",
    "img": "/lattine/UltraFiestaMango.png"
  },
  {
    "id": 53,
    "nome": "Reserve White Pineapple",
    "img": "/lattine/ReserveWhitePineapple.png"
  },
  {
    "id": 54,
    "nome": "Killer Brew Mean Bean",
    "img": "/lattine/KillerBrewMeanBean.png"
  },
  {
    "id": 55,
    "nome": "Classica mini",
    "img": "/lattine/ClassicMini.png"
  },
  {
    "id": 56,
    "nome": "Monarch",
    "img": "/lattine/Monach.png"
  },
  {
    "id": 57,
    "nome": "Rehab Wild Berry Tea",
    "img": "/lattine/RehabWildBerryTea.png"
  },
  {
    "id": 58,
    "nome": "Green Tea",
    "img": "/lattine/GreenTea.png"
  },
  {
    "id": 59,
    "nome": "Java Irish Cream",
    "img": "/lattine/JavaIrishCream.png"
  },
  {
    "id": 60,
    "nome": "Punch MIXXD vecchia edizione",
    "img": "/lattine/PunchMIXXDOld.png"
  },
  {
    "id": 61,
    "nome": "Hamilton Vecchia Edizione(buonissima)",
    "img": "/lattine/HamiltonOld.png"
  },
  {
    "id": 62,
    "nome": "Ultra Blue",
    "img": "/lattine/UltraBlue.png"
  },
  {
    "id": 63,
    "nome": "Ultra Red",
    "img": "/lattine/UltraRed.png"
  },
  {
    "id": 64,
    "nome": "Ultra Black",
    "img": "/lattine/UltraBlack.png"
  },
  {
    "id": 65,
    "nome": "Mango Loco",
    "img": "/lattine/MangoLoco.png"
  },
  {
    "id": 66,
    "nome": "Super Fuel Mean Green",
    "img": "/lattine/SuperFuelMeanGreen.png"
  }
]